[
{
  "model": "contenttypes.contenttype",
  "pk": 1,
  "fields": {
    "app_label": "admin",
    "model": "logentry"
  }
},
{
  "model": "contenttypes.contenttype",
  "pk": 2,
  "fields": {
    "app_label": "auth",
    "model": "permission"
  }
},
{
  "model": "contenttypes.contenttype",
  "pk": 3,
  "fields": {
    "app_label": "auth",
    "model": "user"
  }
},
{
  "model": "contenttypes.contenttype",
  "pk": 4,
  "fields": {
    "app_label": "auth",
    "model": "group"
  }
},
{
  "model": "contenttypes.contenttype",
  "pk": 5,
  "fields": {
    "app_label": "contenttypes",
    "model": "contenttype"
  }
},
{
  "model": "contenttypes.contenttype",
  "pk": 6,
  "fields": {
    "app_label": "sessions",
    "model": "session"
  }
},
{
  "model": "contenttypes.contenttype",
  "pk": 7,
  "fields": {
    "app_label": "products",
    "model": "product"
  }
},
{
  "model": "contenttypes.contenttype",
  "pk": 8,
  "fields": {
    "app_label": "orders",
    "model": "order"
  }
},
{
  "model": "contenttypes.contenttype",
  "pk": 9,
  "fields": {
    "app_label": "orders",
    "model": "orderitem"
  }
},
{
  "model": "contenttypes.contenttype",
  "pk": 10,
  "fields": {
    "app_label": "orders",
    "model": "shoppingcart"
  }
},
{
  "model": "contenttypes.contenttype",
  "pk": 11,
  "fields": {
    "app_label": "sites",
    "model": "site"
  }
},
{
  "model": "contenttypes.contenttype",
  "pk": 12,
  "fields": {
    "app_label": "flatpages",
    "model": "flatpage"
  }
},
{
  "model": "contenttypes.contenttype",
  "pk": 13,
  "fields": {
    "app_label": "flatblocks",
    "model": "flatblock"
  }
},
{
  "model": "sessions.session",
  "pk": "c0i1wiyg2w1cms95u4k0htss03knbq6x",
  "fields": {
    "session_data": "MTExMGE5ZWM2YzExZDE5MDNlMjE1ZTJkZjQ1NjkxYTlmYjFmYTc1ZTp7Il9hdXRoX3VzZXJfaGFzaCI6IjUzNTE3NGE0NWY4NDVjNjhkMWI0OWMxOTg3MDQ1ZDI2NDkwMzA4YTYiLCJfYXV0aF91c2VyX2JhY2tlbmQiOiJkamFuZ28uY29udHJpYi5hdXRoLmJhY2tlbmRzLk1vZGVsQmFja2VuZCIsIl9hdXRoX3VzZXJfaWQiOiIxIn0=",
    "expire_date": "2016-11-26T13:22:07.798Z"
  }
},
{
  "model": "sessions.session",
  "pk": "p7vekxxeipetdq2mypx2sd00xxv5hzyx",
  "fields": {
    "session_data": "MTExMGE5ZWM2YzExZDE5MDNlMjE1ZTJkZjQ1NjkxYTlmYjFmYTc1ZTp7Il9hdXRoX3VzZXJfaGFzaCI6IjUzNTE3NGE0NWY4NDVjNjhkMWI0OWMxOTg3MDQ1ZDI2NDkwMzA4YTYiLCJfYXV0aF91c2VyX2JhY2tlbmQiOiJkamFuZ28uY29udHJpYi5hdXRoLmJhY2tlbmRzLk1vZGVsQmFja2VuZCIsIl9hdXRoX3VzZXJfaWQiOiIxIn0=",
    "expire_date": "2016-12-18T09:52:27.305Z"
  }
},
{
  "model": "sessions.session",
  "pk": "plxvjhr5vyekifezhj2w2u69cgq32e11",
  "fields": {
    "session_data": "MTExMGE5ZWM2YzExZDE5MDNlMjE1ZTJkZjQ1NjkxYTlmYjFmYTc1ZTp7Il9hdXRoX3VzZXJfaGFzaCI6IjUzNTE3NGE0NWY4NDVjNjhkMWI0OWMxOTg3MDQ1ZDI2NDkwMzA4YTYiLCJfYXV0aF91c2VyX2JhY2tlbmQiOiJkamFuZ28uY29udHJpYi5hdXRoLmJhY2tlbmRzLk1vZGVsQmFja2VuZCIsIl9hdXRoX3VzZXJfaWQiOiIxIn0=",
    "expire_date": "2016-12-30T20:07:32.027Z"
  }
},
{
  "model": "sessions.session",
  "pk": "q5qn3gj2ljhwkgl9e7q5dp6p8fp43g9l",
  "fields": {
    "session_data": "MTExMGE5ZWM2YzExZDE5MDNlMjE1ZTJkZjQ1NjkxYTlmYjFmYTc1ZTp7Il9hdXRoX3VzZXJfaGFzaCI6IjUzNTE3NGE0NWY4NDVjNjhkMWI0OWMxOTg3MDQ1ZDI2NDkwMzA4YTYiLCJfYXV0aF91c2VyX2JhY2tlbmQiOiJkamFuZ28uY29udHJpYi5hdXRoLmJhY2tlbmRzLk1vZGVsQmFja2VuZCIsIl9hdXRoX3VzZXJfaWQiOiIxIn0=",
    "expire_date": "2016-12-17T16:18:11.609Z"
  }
},
{
  "model": "sessions.session",
  "pk": "repdwurcdndyomy47tlrs4afn9pxt4qx",
  "fields": {
    "session_data": "MTExMGE5ZWM2YzExZDE5MDNlMjE1ZTJkZjQ1NjkxYTlmYjFmYTc1ZTp7Il9hdXRoX3VzZXJfaGFzaCI6IjUzNTE3NGE0NWY4NDVjNjhkMWI0OWMxOTg3MDQ1ZDI2NDkwMzA4YTYiLCJfYXV0aF91c2VyX2JhY2tlbmQiOiJkamFuZ28uY29udHJpYi5hdXRoLmJhY2tlbmRzLk1vZGVsQmFja2VuZCIsIl9hdXRoX3VzZXJfaWQiOiIxIn0=",
    "expire_date": "2016-11-27T16:26:25.943Z"
  }
},
{
  "model": "sessions.session",
  "pk": "rfj8fmf5m9w0mry2dmvj32uxebukxgy4",
  "fields": {
    "session_data": "MTExMGE5ZWM2YzExZDE5MDNlMjE1ZTJkZjQ1NjkxYTlmYjFmYTc1ZTp7Il9hdXRoX3VzZXJfaGFzaCI6IjUzNTE3NGE0NWY4NDVjNjhkMWI0OWMxOTg3MDQ1ZDI2NDkwMzA4YTYiLCJfYXV0aF91c2VyX2JhY2tlbmQiOiJkamFuZ28uY29udHJpYi5hdXRoLmJhY2tlbmRzLk1vZGVsQmFja2VuZCIsIl9hdXRoX3VzZXJfaWQiOiIxIn0=",
    "expire_date": "2016-11-23T10:43:18.126Z"
  }
},
{
  "model": "sessions.session",
  "pk": "zaou5oq7jlapgohf8uxgzzyfwihmvhj0",
  "fields": {
    "session_data": "MTExMGE5ZWM2YzExZDE5MDNlMjE1ZTJkZjQ1NjkxYTlmYjFmYTc1ZTp7Il9hdXRoX3VzZXJfaGFzaCI6IjUzNTE3NGE0NWY4NDVjNjhkMWI0OWMxOTg3MDQ1ZDI2NDkwMzA4YTYiLCJfYXV0aF91c2VyX2JhY2tlbmQiOiJkamFuZ28uY29udHJpYi5hdXRoLmJhY2tlbmRzLk1vZGVsQmFja2VuZCIsIl9hdXRoX3VzZXJfaWQiOiIxIn0=",
    "expire_date": "2016-12-25T15:10:54.702Z"
  }
},
{
  "model": "sites.site",
  "pk": 1,
  "fields": {
    "domain": "example.com",
    "name": "example.com"
  }
},
{
  "model": "flatpages.flatpage",
  "pk": 1,
  "fields": {
    "url": "/",
    "title": "Po\u010detna",
    "content": "<p>drekec c <strong> pezdec </strong></p>\r\n\r\n<p><strong><img alt=\"\" src=\"/media/uploads/2016/12/05/opera_vpn_BcS4OEs.png\" style=\"height:208px; width:500px\" /></strong></p>",
    "enable_comments": false,
    "template_name": "",
    "registration_required": false,
    "sites": [
      1
    ]
  }
},
{
  "model": "flatpages.flatpage",
  "pk": 2,
  "fields": {
    "url": "/about/",
    "title": "O nama",
    "content": "<p>Ovo je stranica o nama</p>",
    "enable_comments": false,
    "template_name": "",
    "registration_required": false,
    "sites": [
      1
    ]
  }
},
{
  "model": "flatpages.flatpage",
  "pk": 4,
  "fields": {
    "url": "/contact/detail/",
    "title": "Contact",
    "content": "<p>jeli</p>",
    "enable_comments": false,
    "template_name": "",
    "registration_required": false,
    "sites": [
      1
    ]
  }
},
{
  "model": "flatblocks.flatblock",
  "pk": 1,
  "fields": {
    "slug": "contact",
    "header": "",
    "content": "<p><span style=\"font-size:18px\"><strong>Adresa:</strong><br />\r\nStarogradska ulica 22a,<br />\r\n48305, Reka, Koprivnica,<br />\r\nHrvatska<br />\r\n<br />\r\n<strong>Mob:</strong> 098 902 1032<br />\r\n<br />\r\n<strong>E-mail:</strong> trescec.mario@gmail.com</span></p>"
  }
},
{
  "model": "orders.shoppingcart",
  "pk": 27,
  "fields": {
    "created": "2016-12-04T12:37:57.086Z",
    "hash": "8f1182ea76",
    "ordered": true
  }
},
{
  "model": "orders.shoppingcart",
  "pk": 28,
  "fields": {
    "created": "2016-12-04T13:37:12.455Z",
    "hash": "5c6aa6c614",
    "ordered": true
  }
},
{
  "model": "orders.shoppingcart",
  "pk": 29,
  "fields": {
    "created": "2016-12-04T13:42:51.981Z",
    "hash": "dd41f0bed4",
    "ordered": true
  }
},
{
  "model": "orders.shoppingcart",
  "pk": 30,
  "fields": {
    "created": "2016-12-04T13:45:51.332Z",
    "hash": "3ca3984239",
    "ordered": true
  }
},
{
  "model": "orders.shoppingcart",
  "pk": 31,
  "fields": {
    "created": "2016-12-04T14:29:11.422Z",
    "hash": "ef024f8fa5",
    "ordered": false
  }
},
{
  "model": "orders.shoppingcart",
  "pk": 46,
  "fields": {
    "created": "2016-12-11T16:18:38.753Z",
    "hash": "934604f907",
    "ordered": true
  }
},
{
  "model": "orders.shoppingcart",
  "pk": 47,
  "fields": {
    "created": "2016-12-11T16:25:25.372Z",
    "hash": "ec3cd38389",
    "ordered": true
  }
},
{
  "model": "orders.shoppingcart",
  "pk": 48,
  "fields": {
    "created": "2016-12-11T16:28:12.974Z",
    "hash": "7acb89223a",
    "ordered": true
  }
},
{
  "model": "orders.shoppingcart",
  "pk": 49,
  "fields": {
    "created": "2016-12-11T16:31:35.367Z",
    "hash": "a93fa0ee92",
    "ordered": true
  }
},
{
  "model": "orders.shoppingcart",
  "pk": 50,
  "fields": {
    "created": "2016-12-16T20:06:18.061Z",
    "hash": "4336003933",
    "ordered": true
  }
},
{
  "model": "orders.order",
  "pk": 3,
  "fields": {
    "created": "2016-12-04T09:53:46.287Z",
    "status": "OR",
    "finished_on": "2016-12-04T09:53:46.287Z",
    "shipped_on": null,
    "first_name": "Ivica",
    "last_name": "Torma",
    "place": "Koprivnica",
    "postal_code": 48000,
    "street": "Be\u010d",
    "house_number": "67a",
    "email": "ntuckovic@gmail.com",
    "phone_number": "0916400907"
  }
},
{
  "model": "orders.order",
  "pk": 4,
  "fields": {
    "created": "2016-12-04T09:55:17.251Z",
    "status": "OR",
    "finished_on": "2016-12-04T09:55:17.250Z",
    "shipped_on": null,
    "first_name": "Cecek",
    "last_name": "Pecek",
    "place": "Isusovo djete",
    "postal_code": 50,
    "street": "Miroslava Krle\u017ee",
    "house_number": "67a",
    "email": "nikola.tuckovic@styria.hr",
    "phone_number": "0916400907"
  }
},
{
  "model": "orders.order",
  "pk": 5,
  "fields": {
    "created": "2016-12-04T13:24:49.933Z",
    "status": "OR",
    "finished_on": "2016-12-04T13:24:49.933Z",
    "shipped_on": null,
    "first_name": "Jozo",
    "last_name": "Bozo",
    "place": "Koprivnica",
    "postal_code": 48000,
    "street": "Novi Bre\u017eanec",
    "house_number": "67a",
    "email": "nikola.tucakovic@styria.hr",
    "phone_number": "0916400907"
  }
},
{
  "model": "orders.order",
  "pk": 6,
  "fields": {
    "created": "2016-12-04T13:26:11.733Z",
    "status": "OR",
    "finished_on": "2016-12-04T13:26:11.732Z",
    "shipped_on": null,
    "first_name": "Jozo",
    "last_name": "Bozo",
    "place": "Koprivnica",
    "postal_code": 48000,
    "street": "Miroslava Krle\u017ee",
    "house_number": "67a",
    "email": "nikola.tuckovic@styria.hr",
    "phone_number": "0916400907"
  }
},
{
  "model": "orders.order",
  "pk": 7,
  "fields": {
    "created": "2016-12-04T13:32:46.774Z",
    "status": "OR",
    "finished_on": "2016-12-04T13:32:46.774Z",
    "shipped_on": null,
    "first_name": "Jozo",
    "last_name": "Bozo",
    "place": "Koprivnica",
    "postal_code": 48000,
    "street": "Novi Bre\u017eanec",
    "house_number": "67a",
    "email": "storm46@yahoo.com",
    "phone_number": "0916400907"
  }
},
{
  "model": "orders.order",
  "pk": 8,
  "fields": {
    "created": "2016-12-04T13:35:36.728Z",
    "status": "OR",
    "finished_on": "2016-12-04T13:35:36.728Z",
    "shipped_on": null,
    "first_name": "Jozo",
    "last_name": "Bozo",
    "place": "Koprivnica",
    "postal_code": 48000,
    "street": "Novi Bre\u017eanec",
    "house_number": "67a",
    "email": "storm46@yahoo.com",
    "phone_number": "0916400907"
  }
},
{
  "model": "orders.order",
  "pk": 9,
  "fields": {
    "created": "2016-12-04T13:38:08.403Z",
    "status": "OR",
    "finished_on": "2016-12-04T13:38:08.403Z",
    "shipped_on": null,
    "first_name": "Ishkut",
    "last_name": "Kokami",
    "place": "Zagreb",
    "postal_code": 10000,
    "street": "Ilica",
    "house_number": "45",
    "email": "kokoloko@trga.hr",
    "phone_number": "09778574242"
  }
},
{
  "model": "orders.order",
  "pk": 10,
  "fields": {
    "created": "2016-12-04T13:43:41.465Z",
    "status": "OR",
    "finished_on": "2016-12-04T13:43:41.465Z",
    "shipped_on": null,
    "first_name": "Isus",
    "last_name": "Krist",
    "place": "Nazareth",
    "postal_code": 10000,
    "street": "Jozina cetvrt",
    "house_number": "52",
    "email": "isus@inri.com",
    "phone_number": "09778574242"
  }
},
{
  "model": "orders.order",
  "pk": 11,
  "fields": {
    "created": "2016-12-04T13:46:52.647Z",
    "status": "OR",
    "finished_on": "2016-12-04T13:46:52.647Z",
    "shipped_on": null,
    "first_name": "Kulen",
    "last_name": "Vakuf",
    "place": "Biha\u0107",
    "postal_code": 1000,
    "street": "Mulaha Turka",
    "house_number": "400",
    "email": "hajrudin.coralic@styria.hr",
    "phone_number": "0916400907"
  }
},
{
  "model": "orders.order",
  "pk": 12,
  "fields": {
    "created": "2016-12-11T15:28:50.799Z",
    "status": "OR",
    "finished_on": "2016-12-11T15:28:50.798Z",
    "shipped_on": null,
    "first_name": "Jozo",
    "last_name": "\u0160vagu\u0161a",
    "place": "Koprivnica",
    "postal_code": 48000,
    "street": "Miroslava Krle\u017ee",
    "house_number": "67a",
    "email": "ntuckovic@gmail.com",
    "phone_number": "09778574242"
  }
},
{
  "model": "orders.order",
  "pk": 13,
  "fields": {
    "created": "2016-12-11T16:21:02.637Z",
    "status": "OR",
    "finished_on": "2016-12-11T16:21:02.637Z",
    "shipped_on": null,
    "first_name": "Ishkur",
    "last_name": "Bomba",
    "place": "Koprivnica",
    "postal_code": 48000,
    "street": "Joze isusa",
    "house_number": "35",
    "email": "ntuckovic@gmail.com",
    "phone_number": "0916400907"
  }
},
{
  "model": "orders.order",
  "pk": 14,
  "fields": {
    "created": "2016-12-11T16:25:51.081Z",
    "status": "OR",
    "finished_on": "2016-12-11T16:25:51.080Z",
    "shipped_on": null,
    "first_name": "Nikola",
    "last_name": "Torma",
    "place": "Zagreb",
    "postal_code": 48000,
    "street": "Be\u010d",
    "house_number": "3a",
    "email": "jolco.upc@xxx.com",
    "phone_number": "0916400907"
  }
},
{
  "model": "orders.order",
  "pk": 15,
  "fields": {
    "created": "2016-12-11T16:28:31.813Z",
    "status": "OR",
    "finished_on": "2016-12-11T16:28:31.813Z",
    "shipped_on": null,
    "first_name": "Jozo",
    "last_name": "Torma",
    "place": "isus",
    "postal_code": 48000,
    "street": "Novi Bre\u017eanec",
    "house_number": "3a",
    "email": "ntuckovic@gmail.com",
    "phone_number": "09778574242"
  }
},
{
  "model": "orders.order",
  "pk": 16,
  "fields": {
    "created": "2016-12-11T16:32:17.712Z",
    "status": "OR",
    "finished_on": "2016-12-11T16:32:17.712Z",
    "shipped_on": null,
    "first_name": "Ivica",
    "last_name": "Macovi\u0107",
    "place": "Zagreb",
    "postal_code": 48000,
    "street": "Miroslava Krle\u017ee",
    "house_number": "3a",
    "email": "nikola.tuckovic@styria.hr",
    "phone_number": "0916400907"
  }
},
{
  "model": "orders.order",
  "pk": 17,
  "fields": {
    "created": "2016-12-16T20:06:43.161Z",
    "status": "OR",
    "finished_on": "2016-12-16T20:06:43.160Z",
    "shipped_on": null,
    "first_name": "Jozo",
    "last_name": "Tuckovi\u0107",
    "place": "Koprivnica",
    "postal_code": 48000,
    "street": "Miroslava Krle\u017ee",
    "house_number": "56",
    "email": "nikola.tuckovic@styria.hr",
    "phone_number": "0916400907"
  }
},
{
  "model": "orders.orderitem",
  "pk": 89,
  "fields": {
    "order": 3,
    "shopping_cart": null,
    "product": 2,
    "amount": 1
  }
},
{
  "model": "orders.orderitem",
  "pk": 90,
  "fields": {
    "order": 3,
    "shopping_cart": null,
    "product": 1,
    "amount": 1
  }
},
{
  "model": "orders.orderitem",
  "pk": 91,
  "fields": {
    "order": 4,
    "shopping_cart": null,
    "product": 2,
    "amount": 12
  }
},
{
  "model": "orders.orderitem",
  "pk": 92,
  "fields": {
    "order": 4,
    "shopping_cart": null,
    "product": 1,
    "amount": 1
  }
},
{
  "model": "orders.orderitem",
  "pk": 93,
  "fields": {
    "order": 8,
    "shopping_cart": 27,
    "product": 1,
    "amount": 1
  }
},
{
  "model": "orders.orderitem",
  "pk": 94,
  "fields": {
    "order": 9,
    "shopping_cart": 28,
    "product": 2,
    "amount": 1
  }
},
{
  "model": "orders.orderitem",
  "pk": 95,
  "fields": {
    "order": 9,
    "shopping_cart": 28,
    "product": 1,
    "amount": 6
  }
},
{
  "model": "orders.orderitem",
  "pk": 96,
  "fields": {
    "order": 10,
    "shopping_cart": 29,
    "product": 2,
    "amount": 3
  }
},
{
  "model": "orders.orderitem",
  "pk": 97,
  "fields": {
    "order": 10,
    "shopping_cart": 29,
    "product": 1,
    "amount": 4
  }
},
{
  "model": "orders.orderitem",
  "pk": 98,
  "fields": {
    "order": 11,
    "shopping_cart": 30,
    "product": 1,
    "amount": 7
  }
},
{
  "model": "orders.orderitem",
  "pk": 99,
  "fields": {
    "order": 11,
    "shopping_cart": 30,
    "product": 2,
    "amount": 6
  }
},
{
  "model": "orders.orderitem",
  "pk": 102,
  "fields": {
    "order": null,
    "shopping_cart": 31,
    "product": 1,
    "amount": 1
  }
},
{
  "model": "orders.orderitem",
  "pk": 105,
  "fields": {
    "order": 13,
    "shopping_cart": 46,
    "product": 1,
    "amount": 1
  }
},
{
  "model": "orders.orderitem",
  "pk": 106,
  "fields": {
    "order": 13,
    "shopping_cart": 46,
    "product": 2,
    "amount": 1
  }
},
{
  "model": "orders.orderitem",
  "pk": 107,
  "fields": {
    "order": 14,
    "shopping_cart": 47,
    "product": 1,
    "amount": 1
  }
},
{
  "model": "orders.orderitem",
  "pk": 108,
  "fields": {
    "order": 15,
    "shopping_cart": 48,
    "product": 1,
    "amount": 1
  }
},
{
  "model": "orders.orderitem",
  "pk": 109,
  "fields": {
    "order": 16,
    "shopping_cart": 49,
    "product": 2,
    "amount": 1
  }
},
{
  "model": "orders.orderitem",
  "pk": 110,
  "fields": {
    "order": 16,
    "shopping_cart": 49,
    "product": 1,
    "amount": 1
  }
},
{
  "model": "orders.orderitem",
  "pk": 111,
  "fields": {
    "order": 17,
    "shopping_cart": 50,
    "product": 1,
    "amount": 1
  }
},
{
  "model": "products.product",
  "pk": 1,
  "fields": {
    "name": "test product 1",
    "short_description": "Ovo je jako kratak opis u kojem",
    "long_description": "<p>fddf fa fLorem ipsum</p>",
    "image": "products/Backend_Express.png",
    "created": "2016-10-31T09:54:06.847Z",
    "modified": "2016-11-09T13:02:26.110Z",
    "price": "125.30",
    "active": true
  }
},
{
  "model": "products.product",
  "pk": 2,
  "fields": {
    "name": "test product 2 unactive",
    "short_description": "<p>Iffet</p>",
    "long_description": "<p>kec</p>",
    "image": "products/Backend_Express_v7eyQfK.png",
    "created": "2016-11-02T03:25:15.911Z",
    "modified": "2016-11-12T14:39:01.032Z",
    "price": "400.00",
    "active": true
  }
},
{
  "model": "auth.permission",
  "pk": 1,
  "fields": {
    "name": "Can add log entry",
    "content_type": 1,
    "codename": "add_logentry"
  }
},
{
  "model": "auth.permission",
  "pk": 2,
  "fields": {
    "name": "Can change log entry",
    "content_type": 1,
    "codename": "change_logentry"
  }
},
{
  "model": "auth.permission",
  "pk": 3,
  "fields": {
    "name": "Can delete log entry",
    "content_type": 1,
    "codename": "delete_logentry"
  }
},
{
  "model": "auth.permission",
  "pk": 4,
  "fields": {
    "name": "Can add permission",
    "content_type": 2,
    "codename": "add_permission"
  }
},
{
  "model": "auth.permission",
  "pk": 5,
  "fields": {
    "name": "Can change permission",
    "content_type": 2,
    "codename": "change_permission"
  }
},
{
  "model": "auth.permission",
  "pk": 6,
  "fields": {
    "name": "Can delete permission",
    "content_type": 2,
    "codename": "delete_permission"
  }
},
{
  "model": "auth.permission",
  "pk": 7,
  "fields": {
    "name": "Can add user",
    "content_type": 3,
    "codename": "add_user"
  }
},
{
  "model": "auth.permission",
  "pk": 8,
  "fields": {
    "name": "Can change user",
    "content_type": 3,
    "codename": "change_user"
  }
},
{
  "model": "auth.permission",
  "pk": 9,
  "fields": {
    "name": "Can delete user",
    "content_type": 3,
    "codename": "delete_user"
  }
},
{
  "model": "auth.permission",
  "pk": 10,
  "fields": {
    "name": "Can add group",
    "content_type": 4,
    "codename": "add_group"
  }
},
{
  "model": "auth.permission",
  "pk": 11,
  "fields": {
    "name": "Can change group",
    "content_type": 4,
    "codename": "change_group"
  }
},
{
  "model": "auth.permission",
  "pk": 12,
  "fields": {
    "name": "Can delete group",
    "content_type": 4,
    "codename": "delete_group"
  }
},
{
  "model": "auth.permission",
  "pk": 13,
  "fields": {
    "name": "Can add content type",
    "content_type": 5,
    "codename": "add_contenttype"
  }
},
{
  "model": "auth.permission",
  "pk": 14,
  "fields": {
    "name": "Can change content type",
    "content_type": 5,
    "codename": "change_contenttype"
  }
},
{
  "model": "auth.permission",
  "pk": 15,
  "fields": {
    "name": "Can delete content type",
    "content_type": 5,
    "codename": "delete_contenttype"
  }
},
{
  "model": "auth.permission",
  "pk": 16,
  "fields": {
    "name": "Can add session",
    "content_type": 6,
    "codename": "add_session"
  }
},
{
  "model": "auth.permission",
  "pk": 17,
  "fields": {
    "name": "Can change session",
    "content_type": 6,
    "codename": "change_session"
  }
},
{
  "model": "auth.permission",
  "pk": 18,
  "fields": {
    "name": "Can delete session",
    "content_type": 6,
    "codename": "delete_session"
  }
},
{
  "model": "auth.permission",
  "pk": 19,
  "fields": {
    "name": "Can add Product",
    "content_type": 7,
    "codename": "add_product"
  }
},
{
  "model": "auth.permission",
  "pk": 20,
  "fields": {
    "name": "Can change Product",
    "content_type": 7,
    "codename": "change_product"
  }
},
{
  "model": "auth.permission",
  "pk": 21,
  "fields": {
    "name": "Can delete Product",
    "content_type": 7,
    "codename": "delete_product"
  }
},
{
  "model": "auth.permission",
  "pk": 22,
  "fields": {
    "name": "Can add Order",
    "content_type": 8,
    "codename": "add_order"
  }
},
{
  "model": "auth.permission",
  "pk": 23,
  "fields": {
    "name": "Can change Order",
    "content_type": 8,
    "codename": "change_order"
  }
},
{
  "model": "auth.permission",
  "pk": 24,
  "fields": {
    "name": "Can delete Order",
    "content_type": 8,
    "codename": "delete_order"
  }
},
{
  "model": "auth.permission",
  "pk": 25,
  "fields": {
    "name": "Can add Order Item",
    "content_type": 9,
    "codename": "add_orderitem"
  }
},
{
  "model": "auth.permission",
  "pk": 26,
  "fields": {
    "name": "Can change Order Item",
    "content_type": 9,
    "codename": "change_orderitem"
  }
},
{
  "model": "auth.permission",
  "pk": 27,
  "fields": {
    "name": "Can delete Order Item",
    "content_type": 9,
    "codename": "delete_orderitem"
  }
},
{
  "model": "auth.permission",
  "pk": 28,
  "fields": {
    "name": "Can add shopping cart",
    "content_type": 10,
    "codename": "add_shoppingcart"
  }
},
{
  "model": "auth.permission",
  "pk": 29,
  "fields": {
    "name": "Can change shopping cart",
    "content_type": 10,
    "codename": "change_shoppingcart"
  }
},
{
  "model": "auth.permission",
  "pk": 30,
  "fields": {
    "name": "Can delete shopping cart",
    "content_type": 10,
    "codename": "delete_shoppingcart"
  }
},
{
  "model": "auth.permission",
  "pk": 31,
  "fields": {
    "name": "Can add site",
    "content_type": 11,
    "codename": "add_site"
  }
},
{
  "model": "auth.permission",
  "pk": 32,
  "fields": {
    "name": "Can change site",
    "content_type": 11,
    "codename": "change_site"
  }
},
{
  "model": "auth.permission",
  "pk": 33,
  "fields": {
    "name": "Can delete site",
    "content_type": 11,
    "codename": "delete_site"
  }
},
{
  "model": "auth.permission",
  "pk": 34,
  "fields": {
    "name": "Can add flat page",
    "content_type": 12,
    "codename": "add_flatpage"
  }
},
{
  "model": "auth.permission",
  "pk": 35,
  "fields": {
    "name": "Can change flat page",
    "content_type": 12,
    "codename": "change_flatpage"
  }
},
{
  "model": "auth.permission",
  "pk": 36,
  "fields": {
    "name": "Can delete flat page",
    "content_type": 12,
    "codename": "delete_flatpage"
  }
},
{
  "model": "auth.permission",
  "pk": 37,
  "fields": {
    "name": "Can add Flat block",
    "content_type": 13,
    "codename": "add_flatblock"
  }
},
{
  "model": "auth.permission",
  "pk": 38,
  "fields": {
    "name": "Can change Flat block",
    "content_type": 13,
    "codename": "change_flatblock"
  }
},
{
  "model": "auth.permission",
  "pk": 39,
  "fields": {
    "name": "Can delete Flat block",
    "content_type": 13,
    "codename": "delete_flatblock"
  }
},
{
  "model": "auth.user",
  "pk": 1,
  "fields": {
    "password": "pbkdf2_sha256$30000$bWbJr7xY8iy4$C0JbQa7TKlN8ibtJB36rrypVeLoH3hH5xrAetRvjVNs=",
    "last_login": "2016-12-16T20:07:32.022Z",
    "is_superuser": true,
    "username": "ntuckovic",
    "first_name": "",
    "last_name": "",
    "email": "ntuckovic@gmail.com",
    "is_staff": true,
    "is_active": true,
    "date_joined": "2016-10-31T09:49:39.640Z",
    "groups": [],
    "user_permissions": []
  }
},
{
  "model": "admin.logentry",
  "pk": 1,
  "fields": {
    "action_time": "2016-10-31T09:54:06.849Z",
    "user": 1,
    "content_type": 7,
    "object_id": "1",
    "object_repr": "test product 1",
    "action_flag": 1,
    "change_message": "[{\"added\": {}}]"
  }
},
{
  "model": "admin.logentry",
  "pk": 2,
  "fields": {
    "action_time": "2016-10-31T10:00:39.680Z",
    "user": 1,
    "content_type": 7,
    "object_id": "1",
    "object_repr": "test product 1",
    "action_flag": 2,
    "change_message": "[{\"changed\": {\"fields\": [\"image\"]}}]"
  }
},
{
  "model": "admin.logentry",
  "pk": 3,
  "fields": {
    "action_time": "2016-11-01T06:50:00.550Z",
    "user": 1,
    "content_type": 7,
    "object_id": "1",
    "object_repr": "test product 1",
    "action_flag": 2,
    "change_message": "[{\"changed\": {\"fields\": [\"short_description\", \"long_description\"]}}]"
  }
},
{
  "model": "admin.logentry",
  "pk": 4,
  "fields": {
    "action_time": "2016-11-02T03:23:54.907Z",
    "user": 1,
    "content_type": 7,
    "object_id": "1",
    "object_repr": "test product 1",
    "action_flag": 2,
    "change_message": "[]"
  }
},
{
  "model": "admin.logentry",
  "pk": 5,
  "fields": {
    "action_time": "2016-11-02T03:25:15.916Z",
    "user": 1,
    "content_type": 7,
    "object_id": "2",
    "object_repr": "test product 2 unactive",
    "action_flag": 1,
    "change_message": "[{\"added\": {}}]"
  }
},
{
  "model": "admin.logentry",
  "pk": 6,
  "fields": {
    "action_time": "2016-11-02T03:25:59.950Z",
    "user": 1,
    "content_type": 7,
    "object_id": "2",
    "object_repr": "test product 2 unactive",
    "action_flag": 2,
    "change_message": "[{\"changed\": {\"fields\": [\"active\"]}}]"
  }
},
{
  "model": "admin.logentry",
  "pk": 7,
  "fields": {
    "action_time": "2016-11-02T04:02:42.212Z",
    "user": 1,
    "content_type": 8,
    "object_id": "1",
    "object_repr": "Order object",
    "action_flag": 1,
    "change_message": "[{\"added\": {}}]"
  }
},
{
  "model": "admin.logentry",
  "pk": 8,
  "fields": {
    "action_time": "2016-11-02T04:24:57.069Z",
    "user": 1,
    "content_type": 8,
    "object_id": "1",
    "object_repr": "Jo?a Jeba?",
    "action_flag": 2,
    "change_message": "[{\"changed\": {\"fields\": [\"phone_number\"]}}]"
  }
},
{
  "model": "admin.logentry",
  "pk": 9,
  "fields": {
    "action_time": "2016-11-02T04:25:09.272Z",
    "user": 1,
    "content_type": 8,
    "object_id": "1",
    "object_repr": "Jo?a Jeba?",
    "action_flag": 2,
    "change_message": "[]"
  }
},
{
  "model": "admin.logentry",
  "pk": 10,
  "fields": {
    "action_time": "2016-11-09T13:02:26.117Z",
    "user": 1,
    "content_type": 7,
    "object_id": "1",
    "object_repr": "test product 1",
    "action_flag": 2,
    "change_message": "[{\"changed\": {\"fields\": [\"short_description\"]}}]"
  }
},
{
  "model": "admin.logentry",
  "pk": 11,
  "fields": {
    "action_time": "2016-11-12T14:39:01.035Z",
    "user": 1,
    "content_type": 7,
    "object_id": "2",
    "object_repr": "test product 2 unactive",
    "action_flag": 2,
    "change_message": "[{\"changed\": {\"fields\": [\"active\"]}}]"
  }
},
{
  "model": "admin.logentry",
  "pk": 12,
  "fields": {
    "action_time": "2016-11-13T13:08:08.929Z",
    "user": 1,
    "content_type": 9,
    "object_id": "16",
    "object_repr": "None test product 2 unactive",
    "action_flag": 3,
    "change_message": ""
  }
},
{
  "model": "admin.logentry",
  "pk": 13,
  "fields": {
    "action_time": "2016-11-13T13:08:08.932Z",
    "user": 1,
    "content_type": 9,
    "object_id": "15",
    "object_repr": "None test product 1",
    "action_flag": 3,
    "change_message": ""
  }
},
{
  "model": "admin.logentry",
  "pk": 14,
  "fields": {
    "action_time": "2016-11-13T13:08:08.934Z",
    "user": 1,
    "content_type": 9,
    "object_id": "14",
    "object_repr": "None test product 1",
    "action_flag": 3,
    "change_message": ""
  }
},
{
  "model": "admin.logentry",
  "pk": 15,
  "fields": {
    "action_time": "2016-11-13T13:08:08.935Z",
    "user": 1,
    "content_type": 9,
    "object_id": "13",
    "object_repr": "None test product 1",
    "action_flag": 3,
    "change_message": ""
  }
},
{
  "model": "admin.logentry",
  "pk": 16,
  "fields": {
    "action_time": "2016-11-13T13:08:08.937Z",
    "user": 1,
    "content_type": 9,
    "object_id": "12",
    "object_repr": "None test product 1",
    "action_flag": 3,
    "change_message": ""
  }
},
{
  "model": "admin.logentry",
  "pk": 17,
  "fields": {
    "action_time": "2016-11-13T13:08:08.939Z",
    "user": 1,
    "content_type": 9,
    "object_id": "11",
    "object_repr": "None test product 1",
    "action_flag": 3,
    "change_message": ""
  }
},
{
  "model": "admin.logentry",
  "pk": 18,
  "fields": {
    "action_time": "2016-11-13T13:08:08.941Z",
    "user": 1,
    "content_type": 9,
    "object_id": "10",
    "object_repr": "None test product 1",
    "action_flag": 3,
    "change_message": ""
  }
},
{
  "model": "admin.logentry",
  "pk": 19,
  "fields": {
    "action_time": "2016-11-13T13:08:08.944Z",
    "user": 1,
    "content_type": 9,
    "object_id": "9",
    "object_repr": "None test product 1",
    "action_flag": 3,
    "change_message": ""
  }
},
{
  "model": "admin.logentry",
  "pk": 20,
  "fields": {
    "action_time": "2016-11-13T13:08:08.946Z",
    "user": 1,
    "content_type": 9,
    "object_id": "8",
    "object_repr": "None test product 2 unactive",
    "action_flag": 3,
    "change_message": ""
  }
},
{
  "model": "admin.logentry",
  "pk": 21,
  "fields": {
    "action_time": "2016-11-13T13:08:08.947Z",
    "user": 1,
    "content_type": 9,
    "object_id": "7",
    "object_repr": "None test product 1",
    "action_flag": 3,
    "change_message": ""
  }
},
{
  "model": "admin.logentry",
  "pk": 22,
  "fields": {
    "action_time": "2016-11-13T13:08:08.948Z",
    "user": 1,
    "content_type": 9,
    "object_id": "6",
    "object_repr": "None test product 1",
    "action_flag": 3,
    "change_message": ""
  }
},
{
  "model": "admin.logentry",
  "pk": 23,
  "fields": {
    "action_time": "2016-11-13T13:08:08.950Z",
    "user": 1,
    "content_type": 9,
    "object_id": "5",
    "object_repr": "None test product 2 unactive",
    "action_flag": 3,
    "change_message": ""
  }
},
{
  "model": "admin.logentry",
  "pk": 24,
  "fields": {
    "action_time": "2016-11-13T13:08:08.951Z",
    "user": 1,
    "content_type": 9,
    "object_id": "4",
    "object_repr": "None test product 1",
    "action_flag": 3,
    "change_message": ""
  }
},
{
  "model": "admin.logentry",
  "pk": 25,
  "fields": {
    "action_time": "2016-11-13T13:08:08.952Z",
    "user": 1,
    "content_type": 9,
    "object_id": "3",
    "object_repr": "None test product 2 unactive",
    "action_flag": 3,
    "change_message": ""
  }
},
{
  "model": "admin.logentry",
  "pk": 26,
  "fields": {
    "action_time": "2016-11-13T13:08:08.953Z",
    "user": 1,
    "content_type": 9,
    "object_id": "2",
    "object_repr": "None test product 2 unactive",
    "action_flag": 3,
    "change_message": ""
  }
},
{
  "model": "admin.logentry",
  "pk": 27,
  "fields": {
    "action_time": "2016-11-13T13:08:08.956Z",
    "user": 1,
    "content_type": 9,
    "object_id": "1",
    "object_repr": "None test product 1",
    "action_flag": 3,
    "change_message": ""
  }
},
{
  "model": "admin.logentry",
  "pk": 28,
  "fields": {
    "action_time": "2016-11-13T13:08:30.631Z",
    "user": 1,
    "content_type": 10,
    "object_id": "2",
    "object_repr": "ShoppingCart object",
    "action_flag": 3,
    "change_message": ""
  }
},
{
  "model": "admin.logentry",
  "pk": 29,
  "fields": {
    "action_time": "2016-11-13T13:08:30.636Z",
    "user": 1,
    "content_type": 10,
    "object_id": "1",
    "object_repr": "ShoppingCart object",
    "action_flag": 3,
    "change_message": ""
  }
},
{
  "model": "admin.logentry",
  "pk": 30,
  "fields": {
    "action_time": "2016-11-13T14:40:34.980Z",
    "user": 1,
    "content_type": 10,
    "object_id": "6",
    "object_repr": "63b4e8ce67",
    "action_flag": 3,
    "change_message": ""
  }
},
{
  "model": "admin.logentry",
  "pk": 31,
  "fields": {
    "action_time": "2016-11-13T14:40:34.983Z",
    "user": 1,
    "content_type": 10,
    "object_id": "5",
    "object_repr": "23d8fe215b",
    "action_flag": 3,
    "change_message": ""
  }
},
{
  "model": "admin.logentry",
  "pk": 32,
  "fields": {
    "action_time": "2016-11-13T14:40:34.985Z",
    "user": 1,
    "content_type": 10,
    "object_id": "4",
    "object_repr": "f49052f7ad",
    "action_flag": 3,
    "change_message": ""
  }
},
{
  "model": "admin.logentry",
  "pk": 33,
  "fields": {
    "action_time": "2016-11-13T15:14:57.961Z",
    "user": 1,
    "content_type": 10,
    "object_id": "9",
    "object_repr": "e0e1ce0215",
    "action_flag": 3,
    "change_message": ""
  }
},
{
  "model": "admin.logentry",
  "pk": 34,
  "fields": {
    "action_time": "2016-11-13T15:14:57.965Z",
    "user": 1,
    "content_type": 10,
    "object_id": "8",
    "object_repr": "188e28d50b",
    "action_flag": 3,
    "change_message": ""
  }
},
{
  "model": "admin.logentry",
  "pk": 35,
  "fields": {
    "action_time": "2016-11-13T15:14:57.966Z",
    "user": 1,
    "content_type": 10,
    "object_id": "7",
    "object_repr": "90b8e3ff43",
    "action_flag": 3,
    "change_message": ""
  }
},
{
  "model": "admin.logentry",
  "pk": 36,
  "fields": {
    "action_time": "2016-11-13T15:14:57.968Z",
    "user": 1,
    "content_type": 10,
    "object_id": "3",
    "object_repr": "91aa8dd237",
    "action_flag": 3,
    "change_message": ""
  }
},
{
  "model": "admin.logentry",
  "pk": 37,
  "fields": {
    "action_time": "2016-11-13T15:15:12.257Z",
    "user": 1,
    "content_type": 9,
    "object_id": "38",
    "object_repr": "None test product 1",
    "action_flag": 3,
    "change_message": ""
  }
},
{
  "model": "admin.logentry",
  "pk": 38,
  "fields": {
    "action_time": "2016-11-13T15:15:12.261Z",
    "user": 1,
    "content_type": 9,
    "object_id": "37",
    "object_repr": "None test product 1",
    "action_flag": 3,
    "change_message": ""
  }
},
{
  "model": "admin.logentry",
  "pk": 39,
  "fields": {
    "action_time": "2016-11-13T15:15:12.263Z",
    "user": 1,
    "content_type": 9,
    "object_id": "36",
    "object_repr": "None test product 1",
    "action_flag": 3,
    "change_message": ""
  }
},
{
  "model": "admin.logentry",
  "pk": 40,
  "fields": {
    "action_time": "2016-11-13T15:15:12.264Z",
    "user": 1,
    "content_type": 9,
    "object_id": "35",
    "object_repr": "None test product 1",
    "action_flag": 3,
    "change_message": ""
  }
},
{
  "model": "admin.logentry",
  "pk": 41,
  "fields": {
    "action_time": "2016-11-13T15:15:12.266Z",
    "user": 1,
    "content_type": 9,
    "object_id": "34",
    "object_repr": "None test product 2 unactive",
    "action_flag": 3,
    "change_message": ""
  }
},
{
  "model": "admin.logentry",
  "pk": 42,
  "fields": {
    "action_time": "2016-11-13T15:15:12.267Z",
    "user": 1,
    "content_type": 9,
    "object_id": "33",
    "object_repr": "None test product 2 unactive",
    "action_flag": 3,
    "change_message": ""
  }
},
{
  "model": "admin.logentry",
  "pk": 43,
  "fields": {
    "action_time": "2016-11-13T15:15:12.269Z",
    "user": 1,
    "content_type": 9,
    "object_id": "32",
    "object_repr": "None test product 1",
    "action_flag": 3,
    "change_message": ""
  }
},
{
  "model": "admin.logentry",
  "pk": 44,
  "fields": {
    "action_time": "2016-11-13T15:15:12.270Z",
    "user": 1,
    "content_type": 9,
    "object_id": "31",
    "object_repr": "None test product 2 unactive",
    "action_flag": 3,
    "change_message": ""
  }
},
{
  "model": "admin.logentry",
  "pk": 45,
  "fields": {
    "action_time": "2016-11-13T15:15:12.272Z",
    "user": 1,
    "content_type": 9,
    "object_id": "30",
    "object_repr": "None test product 1",
    "action_flag": 3,
    "change_message": ""
  }
},
{
  "model": "admin.logentry",
  "pk": 46,
  "fields": {
    "action_time": "2016-11-13T15:15:12.273Z",
    "user": 1,
    "content_type": 9,
    "object_id": "29",
    "object_repr": "None test product 2 unactive",
    "action_flag": 3,
    "change_message": ""
  }
},
{
  "model": "admin.logentry",
  "pk": 47,
  "fields": {
    "action_time": "2016-11-13T15:15:12.275Z",
    "user": 1,
    "content_type": 9,
    "object_id": "28",
    "object_repr": "None test product 1",
    "action_flag": 3,
    "change_message": ""
  }
},
{
  "model": "admin.logentry",
  "pk": 48,
  "fields": {
    "action_time": "2016-11-13T15:15:12.276Z",
    "user": 1,
    "content_type": 9,
    "object_id": "27",
    "object_repr": "None test product 2 unactive",
    "action_flag": 3,
    "change_message": ""
  }
},
{
  "model": "admin.logentry",
  "pk": 49,
  "fields": {
    "action_time": "2016-11-13T15:15:12.278Z",
    "user": 1,
    "content_type": 9,
    "object_id": "26",
    "object_repr": "None test product 2 unactive",
    "action_flag": 3,
    "change_message": ""
  }
},
{
  "model": "admin.logentry",
  "pk": 50,
  "fields": {
    "action_time": "2016-11-13T15:15:12.279Z",
    "user": 1,
    "content_type": 9,
    "object_id": "25",
    "object_repr": "None test product 2 unactive",
    "action_flag": 3,
    "change_message": ""
  }
},
{
  "model": "admin.logentry",
  "pk": 51,
  "fields": {
    "action_time": "2016-11-13T15:15:12.281Z",
    "user": 1,
    "content_type": 9,
    "object_id": "23",
    "object_repr": "None test product 1",
    "action_flag": 3,
    "change_message": ""
  }
},
{
  "model": "admin.logentry",
  "pk": 52,
  "fields": {
    "action_time": "2016-11-13T15:15:12.282Z",
    "user": 1,
    "content_type": 9,
    "object_id": "22",
    "object_repr": "None test product 2 unactive",
    "action_flag": 3,
    "change_message": ""
  }
},
{
  "model": "admin.logentry",
  "pk": 53,
  "fields": {
    "action_time": "2016-11-13T15:15:12.284Z",
    "user": 1,
    "content_type": 9,
    "object_id": "21",
    "object_repr": "None test product 2 unactive",
    "action_flag": 3,
    "change_message": ""
  }
},
{
  "model": "admin.logentry",
  "pk": 54,
  "fields": {
    "action_time": "2016-11-13T15:35:28.339Z",
    "user": 1,
    "content_type": 9,
    "object_id": "51",
    "object_repr": "None test product 2 unactive",
    "action_flag": 3,
    "change_message": ""
  }
},
{
  "model": "admin.logentry",
  "pk": 55,
  "fields": {
    "action_time": "2016-11-13T15:35:28.342Z",
    "user": 1,
    "content_type": 9,
    "object_id": "50",
    "object_repr": "None test product 1",
    "action_flag": 3,
    "change_message": ""
  }
},
{
  "model": "admin.logentry",
  "pk": 56,
  "fields": {
    "action_time": "2016-11-13T15:35:28.344Z",
    "user": 1,
    "content_type": 9,
    "object_id": "49",
    "object_repr": "None test product 2 unactive",
    "action_flag": 3,
    "change_message": ""
  }
},
{
  "model": "admin.logentry",
  "pk": 57,
  "fields": {
    "action_time": "2016-11-13T15:35:28.346Z",
    "user": 1,
    "content_type": 9,
    "object_id": "48",
    "object_repr": "None test product 1",
    "action_flag": 3,
    "change_message": ""
  }
},
{
  "model": "admin.logentry",
  "pk": 58,
  "fields": {
    "action_time": "2016-11-13T15:35:28.347Z",
    "user": 1,
    "content_type": 9,
    "object_id": "47",
    "object_repr": "None test product 2 unactive",
    "action_flag": 3,
    "change_message": ""
  }
},
{
  "model": "admin.logentry",
  "pk": 59,
  "fields": {
    "action_time": "2016-11-13T15:35:28.349Z",
    "user": 1,
    "content_type": 9,
    "object_id": "46",
    "object_repr": "None test product 1",
    "action_flag": 3,
    "change_message": ""
  }
},
{
  "model": "admin.logentry",
  "pk": 60,
  "fields": {
    "action_time": "2016-11-13T15:35:28.351Z",
    "user": 1,
    "content_type": 9,
    "object_id": "45",
    "object_repr": "None test product 1",
    "action_flag": 3,
    "change_message": ""
  }
},
{
  "model": "admin.logentry",
  "pk": 61,
  "fields": {
    "action_time": "2016-11-13T15:35:28.352Z",
    "user": 1,
    "content_type": 9,
    "object_id": "44",
    "object_repr": "None test product 1",
    "action_flag": 3,
    "change_message": ""
  }
},
{
  "model": "admin.logentry",
  "pk": 62,
  "fields": {
    "action_time": "2016-11-13T15:35:28.353Z",
    "user": 1,
    "content_type": 9,
    "object_id": "43",
    "object_repr": "None test product 1",
    "action_flag": 3,
    "change_message": ""
  }
},
{
  "model": "admin.logentry",
  "pk": 63,
  "fields": {
    "action_time": "2016-11-13T15:35:28.355Z",
    "user": 1,
    "content_type": 9,
    "object_id": "42",
    "object_repr": "None test product 2 unactive",
    "action_flag": 3,
    "change_message": ""
  }
},
{
  "model": "admin.logentry",
  "pk": 64,
  "fields": {
    "action_time": "2016-11-13T15:35:28.356Z",
    "user": 1,
    "content_type": 9,
    "object_id": "41",
    "object_repr": "None test product 2 unactive",
    "action_flag": 3,
    "change_message": ""
  }
},
{
  "model": "admin.logentry",
  "pk": 65,
  "fields": {
    "action_time": "2016-11-13T15:35:28.357Z",
    "user": 1,
    "content_type": 9,
    "object_id": "40",
    "object_repr": "None test product 2 unactive",
    "action_flag": 3,
    "change_message": ""
  }
},
{
  "model": "admin.logentry",
  "pk": 66,
  "fields": {
    "action_time": "2016-11-13T15:35:28.359Z",
    "user": 1,
    "content_type": 9,
    "object_id": "39",
    "object_repr": "None test product 1",
    "action_flag": 3,
    "change_message": ""
  }
},
{
  "model": "admin.logentry",
  "pk": 67,
  "fields": {
    "action_time": "2016-11-13T15:45:30.732Z",
    "user": 1,
    "content_type": 9,
    "object_id": "53",
    "object_repr": "None test product 1",
    "action_flag": 3,
    "change_message": ""
  }
},
{
  "model": "admin.logentry",
  "pk": 68,
  "fields": {
    "action_time": "2016-11-13T15:45:30.736Z",
    "user": 1,
    "content_type": 9,
    "object_id": "52",
    "object_repr": "None test product 1",
    "action_flag": 3,
    "change_message": ""
  }
},
{
  "model": "admin.logentry",
  "pk": 69,
  "fields": {
    "action_time": "2016-11-13T16:25:01.370Z",
    "user": 1,
    "content_type": 9,
    "object_id": "56",
    "object_repr": "None test product 2 unactive",
    "action_flag": 1,
    "change_message": "[{\"added\": {}}]"
  }
},
{
  "model": "admin.logentry",
  "pk": 70,
  "fields": {
    "action_time": "2016-12-04T09:36:54.623Z",
    "user": 1,
    "content_type": 9,
    "object_id": "64",
    "object_repr": "None test product 1",
    "action_flag": 3,
    "change_message": ""
  }
},
{
  "model": "admin.logentry",
  "pk": 71,
  "fields": {
    "action_time": "2016-12-04T09:36:54.632Z",
    "user": 1,
    "content_type": 9,
    "object_id": "59",
    "object_repr": "None test product 1",
    "action_flag": 3,
    "change_message": ""
  }
},
{
  "model": "admin.logentry",
  "pk": 72,
  "fields": {
    "action_time": "2016-12-04T09:36:54.634Z",
    "user": 1,
    "content_type": 9,
    "object_id": "58",
    "object_repr": "None test product 1",
    "action_flag": 3,
    "change_message": ""
  }
},
{
  "model": "admin.logentry",
  "pk": 73,
  "fields": {
    "action_time": "2016-12-04T09:36:54.635Z",
    "user": 1,
    "content_type": 9,
    "object_id": "57",
    "object_repr": "None test product 1",
    "action_flag": 3,
    "change_message": ""
  }
},
{
  "model": "admin.logentry",
  "pk": 74,
  "fields": {
    "action_time": "2016-12-04T09:36:54.636Z",
    "user": 1,
    "content_type": 9,
    "object_id": "56",
    "object_repr": "None test product 2 unactive",
    "action_flag": 3,
    "change_message": ""
  }
},
{
  "model": "admin.logentry",
  "pk": 75,
  "fields": {
    "action_time": "2016-12-04T09:36:54.639Z",
    "user": 1,
    "content_type": 9,
    "object_id": "55",
    "object_repr": "None test product 2 unactive",
    "action_flag": 3,
    "change_message": ""
  }
},
{
  "model": "admin.logentry",
  "pk": 76,
  "fields": {
    "action_time": "2016-12-04T09:36:54.642Z",
    "user": 1,
    "content_type": 9,
    "object_id": "54",
    "object_repr": "None test product 1",
    "action_flag": 3,
    "change_message": ""
  }
},
{
  "model": "admin.logentry",
  "pk": 77,
  "fields": {
    "action_time": "2016-12-04T09:41:07.182Z",
    "user": 1,
    "content_type": 10,
    "object_id": "18",
    "object_repr": "7e47b8e59e",
    "action_flag": 3,
    "change_message": ""
  }
},
{
  "model": "admin.logentry",
  "pk": 78,
  "fields": {
    "action_time": "2016-12-04T09:43:09.845Z",
    "user": 1,
    "content_type": 9,
    "object_id": "80",
    "object_repr": "Ivica Torma test product 1",
    "action_flag": 3,
    "change_message": ""
  }
},
{
  "model": "admin.logentry",
  "pk": 79,
  "fields": {
    "action_time": "2016-12-04T09:43:09.849Z",
    "user": 1,
    "content_type": 9,
    "object_id": "79",
    "object_repr": "Ivica Torma test product 2 unactive",
    "action_flag": 3,
    "change_message": ""
  }
},
{
  "model": "admin.logentry",
  "pk": 80,
  "fields": {
    "action_time": "2016-12-04T09:43:20.285Z",
    "user": 1,
    "content_type": 8,
    "object_id": "2",
    "object_repr": "Ivica Torma",
    "action_flag": 3,
    "change_message": ""
  }
},
{
  "model": "admin.logentry",
  "pk": 81,
  "fields": {
    "action_time": "2016-12-04T09:43:20.288Z",
    "user": 1,
    "content_type": 8,
    "object_id": "1",
    "object_repr": "Jo\u017ea Jeba\u010d",
    "action_flag": 3,
    "change_message": ""
  }
},
{
  "model": "admin.logentry",
  "pk": 82,
  "fields": {
    "action_time": "2016-12-04T09:43:27.115Z",
    "user": 1,
    "content_type": 10,
    "object_id": "17",
    "object_repr": "f4698788a9",
    "action_flag": 3,
    "change_message": ""
  }
},
{
  "model": "admin.logentry",
  "pk": 83,
  "fields": {
    "action_time": "2016-12-04T09:43:27.118Z",
    "user": 1,
    "content_type": 10,
    "object_id": "16",
    "object_repr": "1ec1f33d9e",
    "action_flag": 3,
    "change_message": ""
  }
},
{
  "model": "admin.logentry",
  "pk": 84,
  "fields": {
    "action_time": "2016-12-04T09:43:27.120Z",
    "user": 1,
    "content_type": 10,
    "object_id": "15",
    "object_repr": "ee45734726",
    "action_flag": 3,
    "change_message": ""
  }
},
{
  "model": "admin.logentry",
  "pk": 85,
  "fields": {
    "action_time": "2016-12-04T09:43:27.122Z",
    "user": 1,
    "content_type": 10,
    "object_id": "14",
    "object_repr": "68d890237a",
    "action_flag": 3,
    "change_message": ""
  }
},
{
  "model": "admin.logentry",
  "pk": 86,
  "fields": {
    "action_time": "2016-12-04T09:43:27.123Z",
    "user": 1,
    "content_type": 10,
    "object_id": "13",
    "object_repr": "125a12e2dc",
    "action_flag": 3,
    "change_message": ""
  }
},
{
  "model": "admin.logentry",
  "pk": 87,
  "fields": {
    "action_time": "2016-12-04T09:43:27.126Z",
    "user": 1,
    "content_type": 10,
    "object_id": "12",
    "object_repr": "6d82bfe4bb",
    "action_flag": 3,
    "change_message": ""
  }
},
{
  "model": "admin.logentry",
  "pk": 88,
  "fields": {
    "action_time": "2016-12-04T09:43:27.128Z",
    "user": 1,
    "content_type": 10,
    "object_id": "11",
    "object_repr": "404a75105e",
    "action_flag": 3,
    "change_message": ""
  }
},
{
  "model": "admin.logentry",
  "pk": 89,
  "fields": {
    "action_time": "2016-12-04T09:43:27.129Z",
    "user": 1,
    "content_type": 10,
    "object_id": "10",
    "object_repr": "cbb2fdb80d",
    "action_flag": 3,
    "change_message": ""
  }
},
{
  "model": "admin.logentry",
  "pk": 90,
  "fields": {
    "action_time": "2016-12-04T09:49:29.303Z",
    "user": 1,
    "content_type": 10,
    "object_id": "22",
    "object_repr": "398207c3a2",
    "action_flag": 3,
    "change_message": ""
  }
},
{
  "model": "admin.logentry",
  "pk": 91,
  "fields": {
    "action_time": "2016-12-04T09:49:29.306Z",
    "user": 1,
    "content_type": 10,
    "object_id": "21",
    "object_repr": "993e7788f7",
    "action_flag": 3,
    "change_message": ""
  }
},
{
  "model": "admin.logentry",
  "pk": 92,
  "fields": {
    "action_time": "2016-12-04T09:49:29.308Z",
    "user": 1,
    "content_type": 10,
    "object_id": "20",
    "object_repr": "fafb9b49dd",
    "action_flag": 3,
    "change_message": ""
  }
},
{
  "model": "admin.logentry",
  "pk": 93,
  "fields": {
    "action_time": "2016-12-04T09:49:29.309Z",
    "user": 1,
    "content_type": 10,
    "object_id": "19",
    "object_repr": "3721c81289",
    "action_flag": 3,
    "change_message": ""
  }
},
{
  "model": "admin.logentry",
  "pk": 94,
  "fields": {
    "action_time": "2016-12-04T09:49:47.291Z",
    "user": 1,
    "content_type": 9,
    "object_id": "81",
    "object_repr": "None test product 1",
    "action_flag": 3,
    "change_message": ""
  }
},
{
  "model": "admin.logentry",
  "pk": 95,
  "fields": {
    "action_time": "2016-12-04T09:52:37.646Z",
    "user": 1,
    "content_type": 10,
    "object_id": "24",
    "object_repr": "fa60bcd70b",
    "action_flag": 3,
    "change_message": ""
  }
},
{
  "model": "admin.logentry",
  "pk": 96,
  "fields": {
    "action_time": "2016-12-04T09:52:37.652Z",
    "user": 1,
    "content_type": 10,
    "object_id": "23",
    "object_repr": "f22ccf3381",
    "action_flag": 3,
    "change_message": ""
  }
},
{
  "model": "admin.logentry",
  "pk": 97,
  "fields": {
    "action_time": "2016-12-04T15:50:16.704Z",
    "user": 1,
    "content_type": 12,
    "object_id": "1",
    "object_repr": "/ -- Po\u010detna",
    "action_flag": 1,
    "change_message": "[{\"added\": {}}]"
  }
},
{
  "model": "admin.logentry",
  "pk": 98,
  "fields": {
    "action_time": "2016-12-04T15:52:34.075Z",
    "user": 1,
    "content_type": 12,
    "object_id": "1",
    "object_repr": "/ -- Po\u010detna",
    "action_flag": 2,
    "change_message": "[{\"changed\": {\"fields\": [\"content\"]}}]"
  }
},
{
  "model": "admin.logentry",
  "pk": 99,
  "fields": {
    "action_time": "2016-12-04T15:53:06.253Z",
    "user": 1,
    "content_type": 12,
    "object_id": "1",
    "object_repr": "/ -- Po\u010detna",
    "action_flag": 2,
    "change_message": "[{\"changed\": {\"fields\": [\"content\"]}}]"
  }
},
{
  "model": "admin.logentry",
  "pk": 100,
  "fields": {
    "action_time": "2016-12-04T16:02:51.548Z",
    "user": 1,
    "content_type": 12,
    "object_id": "1",
    "object_repr": "/ -- Po\u010detna",
    "action_flag": 2,
    "change_message": "[{\"changed\": {\"fields\": [\"content\"]}}]"
  }
},
{
  "model": "admin.logentry",
  "pk": 101,
  "fields": {
    "action_time": "2016-12-05T09:44:32.434Z",
    "user": 1,
    "content_type": 12,
    "object_id": "1",
    "object_repr": "/ -- Po\u010detna",
    "action_flag": 2,
    "change_message": "[{\"changed\": {\"fields\": [\"content\"]}}]"
  }
},
{
  "model": "admin.logentry",
  "pk": 102,
  "fields": {
    "action_time": "2016-12-05T09:56:13.014Z",
    "user": 1,
    "content_type": 12,
    "object_id": "2",
    "object_repr": "/about/ -- O nama",
    "action_flag": 1,
    "change_message": "[{\"added\": {}}]"
  }
},
{
  "model": "admin.logentry",
  "pk": 103,
  "fields": {
    "action_time": "2016-12-05T10:00:06.732Z",
    "user": 1,
    "content_type": 12,
    "object_id": "2",
    "object_repr": "/about/ -- O nama",
    "action_flag": 2,
    "change_message": "[]"
  }
},
{
  "model": "admin.logentry",
  "pk": 104,
  "fields": {
    "action_time": "2016-12-05T10:01:51.361Z",
    "user": 1,
    "content_type": 12,
    "object_id": "2",
    "object_repr": "/about/ -- O nama",
    "action_flag": 2,
    "change_message": "[]"
  }
},
{
  "model": "admin.logentry",
  "pk": 105,
  "fields": {
    "action_time": "2016-12-05T10:02:34.511Z",
    "user": 1,
    "content_type": 12,
    "object_id": "2",
    "object_repr": "/about/ -- O nama",
    "action_flag": 2,
    "change_message": "[]"
  }
},
{
  "model": "admin.logentry",
  "pk": 106,
  "fields": {
    "action_time": "2016-12-05T10:07:19.472Z",
    "user": 1,
    "content_type": 12,
    "object_id": "2",
    "object_repr": "/about-us/ -- O nama",
    "action_flag": 2,
    "change_message": "[{\"changed\": {\"fields\": [\"url\"]}}]"
  }
},
{
  "model": "admin.logentry",
  "pk": 107,
  "fields": {
    "action_time": "2016-12-05T10:10:13.281Z",
    "user": 1,
    "content_type": 12,
    "object_id": "1",
    "object_repr": "/kako/ -- Po\u010detna",
    "action_flag": 2,
    "change_message": "[{\"changed\": {\"fields\": [\"url\"]}}]"
  }
},
{
  "model": "admin.logentry",
  "pk": 108,
  "fields": {
    "action_time": "2016-12-05T10:10:51.735Z",
    "user": 1,
    "content_type": 12,
    "object_id": "2",
    "object_repr": "/about/ -- O nama",
    "action_flag": 2,
    "change_message": "[{\"changed\": {\"fields\": [\"url\"]}}]"
  }
},
{
  "model": "admin.logentry",
  "pk": 109,
  "fields": {
    "action_time": "2016-12-05T10:12:59.336Z",
    "user": 1,
    "content_type": 12,
    "object_id": "2",
    "object_repr": "/about/ -- O nama",
    "action_flag": 2,
    "change_message": "[]"
  }
},
{
  "model": "admin.logentry",
  "pk": 110,
  "fields": {
    "action_time": "2016-12-05T10:13:26.211Z",
    "user": 1,
    "content_type": 12,
    "object_id": "2",
    "object_repr": "/about/ -- O nama",
    "action_flag": 2,
    "change_message": "[]"
  }
},
{
  "model": "admin.logentry",
  "pk": 111,
  "fields": {
    "action_time": "2016-12-05T10:14:18.438Z",
    "user": 1,
    "content_type": 12,
    "object_id": "1",
    "object_repr": "/ -- Po\u010detna",
    "action_flag": 2,
    "change_message": "[{\"changed\": {\"fields\": [\"url\"]}}]"
  }
},
{
  "model": "admin.logentry",
  "pk": 112,
  "fields": {
    "action_time": "2016-12-05T10:17:53.671Z",
    "user": 1,
    "content_type": 12,
    "object_id": "3",
    "object_repr": "/contact/ -- Kontakt",
    "action_flag": 1,
    "change_message": "[{\"added\": {}}]"
  }
},
{
  "model": "admin.logentry",
  "pk": 113,
  "fields": {
    "action_time": "2016-12-11T15:14:23.857Z",
    "user": 1,
    "content_type": 10,
    "object_id": "38",
    "object_repr": "62bb2af831",
    "action_flag": 3,
    "change_message": ""
  }
},
{
  "model": "admin.logentry",
  "pk": 114,
  "fields": {
    "action_time": "2016-12-11T15:14:23.866Z",
    "user": 1,
    "content_type": 10,
    "object_id": "37",
    "object_repr": "3a4ebc5d94",
    "action_flag": 3,
    "change_message": ""
  }
},
{
  "model": "admin.logentry",
  "pk": 115,
  "fields": {
    "action_time": "2016-12-11T15:14:23.868Z",
    "user": 1,
    "content_type": 10,
    "object_id": "36",
    "object_repr": "7fe45a9626",
    "action_flag": 3,
    "change_message": ""
  }
},
{
  "model": "admin.logentry",
  "pk": 116,
  "fields": {
    "action_time": "2016-12-11T15:14:23.869Z",
    "user": 1,
    "content_type": 10,
    "object_id": "35",
    "object_repr": "8ee725b444",
    "action_flag": 3,
    "change_message": ""
  }
},
{
  "model": "admin.logentry",
  "pk": 117,
  "fields": {
    "action_time": "2016-12-11T15:14:23.871Z",
    "user": 1,
    "content_type": 10,
    "object_id": "34",
    "object_repr": "a4578d519e",
    "action_flag": 3,
    "change_message": ""
  }
},
{
  "model": "admin.logentry",
  "pk": 118,
  "fields": {
    "action_time": "2016-12-11T15:14:23.872Z",
    "user": 1,
    "content_type": 10,
    "object_id": "33",
    "object_repr": "0814e371bd",
    "action_flag": 3,
    "change_message": ""
  }
},
{
  "model": "admin.logentry",
  "pk": 119,
  "fields": {
    "action_time": "2016-12-11T15:14:23.874Z",
    "user": 1,
    "content_type": 10,
    "object_id": "32",
    "object_repr": "b29b94d3f0",
    "action_flag": 3,
    "change_message": ""
  }
},
{
  "model": "admin.logentry",
  "pk": 120,
  "fields": {
    "action_time": "2016-12-11T15:14:53.843Z",
    "user": 1,
    "content_type": 10,
    "object_id": "40",
    "object_repr": "ddbb2949a0",
    "action_flag": 3,
    "change_message": ""
  }
},
{
  "model": "admin.logentry",
  "pk": 121,
  "fields": {
    "action_time": "2016-12-11T15:14:53.848Z",
    "user": 1,
    "content_type": 10,
    "object_id": "39",
    "object_repr": "32a017d6a2",
    "action_flag": 3,
    "change_message": ""
  }
},
{
  "model": "admin.logentry",
  "pk": 122,
  "fields": {
    "action_time": "2016-12-11T15:19:22.821Z",
    "user": 1,
    "content_type": 10,
    "object_id": "41",
    "object_repr": "eb6ab278b8",
    "action_flag": 3,
    "change_message": ""
  }
},
{
  "model": "admin.logentry",
  "pk": 123,
  "fields": {
    "action_time": "2016-12-11T15:26:08.119Z",
    "user": 1,
    "content_type": 10,
    "object_id": "43",
    "object_repr": "67aa1b8578",
    "action_flag": 3,
    "change_message": ""
  }
},
{
  "model": "admin.logentry",
  "pk": 124,
  "fields": {
    "action_time": "2016-12-11T15:26:08.123Z",
    "user": 1,
    "content_type": 10,
    "object_id": "42",
    "object_repr": "303384f8bc",
    "action_flag": 3,
    "change_message": ""
  }
},
{
  "model": "admin.logentry",
  "pk": 125,
  "fields": {
    "action_time": "2016-12-11T15:39:25.138Z",
    "user": 1,
    "content_type": 10,
    "object_id": "44",
    "object_repr": "10bd4cd597",
    "action_flag": 3,
    "change_message": ""
  }
},
{
  "model": "admin.logentry",
  "pk": 126,
  "fields": {
    "action_time": "2016-12-11T15:44:38.005Z",
    "user": 1,
    "content_type": 10,
    "object_id": "45",
    "object_repr": "fa480b54fa",
    "action_flag": 3,
    "change_message": ""
  }
},
{
  "model": "admin.logentry",
  "pk": 127,
  "fields": {
    "action_time": "2016-12-11T17:58:16.080Z",
    "user": 1,
    "content_type": 12,
    "object_id": "3",
    "object_repr": "/contact/ -- Kontakt",
    "action_flag": 3,
    "change_message": ""
  }
},
{
  "model": "admin.logentry",
  "pk": 128,
  "fields": {
    "action_time": "2016-12-16T20:09:41.104Z",
    "user": 1,
    "content_type": 12,
    "object_id": "4",
    "object_repr": "/contact/detail/ -- Contact",
    "action_flag": 1,
    "change_message": "[{\"added\": {}}]"
  }
},
{
  "model": "admin.logentry",
  "pk": 129,
  "fields": {
    "action_time": "2016-12-16T20:18:23.923Z",
    "user": 1,
    "content_type": 13,
    "object_id": "1",
    "object_repr": "contact",
    "action_flag": 1,
    "change_message": "[{\"added\": {}}]"
  }
},
{
  "model": "admin.logentry",
  "pk": 130,
  "fields": {
    "action_time": "2016-12-16T20:20:38.738Z",
    "user": 1,
    "content_type": 13,
    "object_id": "1",
    "object_repr": "contact",
    "action_flag": 2,
    "change_message": "[{\"changed\": {\"fields\": [\"header\"]}}]"
  }
},
{
  "model": "admin.logentry",
  "pk": 131,
  "fields": {
    "action_time": "2016-12-16T20:28:57.432Z",
    "user": 1,
    "content_type": 13,
    "object_id": "1",
    "object_repr": "contact",
    "action_flag": 2,
    "change_message": "[{\"changed\": {\"fields\": [\"content\"]}}]"
  }
},
{
  "model": "admin.logentry",
  "pk": 132,
  "fields": {
    "action_time": "2016-12-16T20:29:51.673Z",
    "user": 1,
    "content_type": 13,
    "object_id": "1",
    "object_repr": "contact",
    "action_flag": 2,
    "change_message": "[{\"changed\": {\"fields\": [\"content\"]}}]"
  }
},
{
  "model": "admin.logentry",
  "pk": 133,
  "fields": {
    "action_time": "2016-12-16T20:43:09.627Z",
    "user": 1,
    "content_type": 13,
    "object_id": "1",
    "object_repr": "contact",
    "action_flag": 2,
    "change_message": "[{\"changed\": {\"fields\": [\"content\"]}}]"
  }
},
{
  "model": "admin.logentry",
  "pk": 134,
  "fields": {
    "action_time": "2016-12-16T20:43:41.767Z",
    "user": 1,
    "content_type": 13,
    "object_id": "1",
    "object_repr": "contact",
    "action_flag": 2,
    "change_message": "[{\"changed\": {\"fields\": [\"content\"]}}]"
  }
},
{
  "model": "admin.logentry",
  "pk": 135,
  "fields": {
    "action_time": "2016-12-16T20:43:55.039Z",
    "user": 1,
    "content_type": 13,
    "object_id": "1",
    "object_repr": "contact",
    "action_flag": 2,
    "change_message": "[{\"changed\": {\"fields\": [\"content\"]}}]"
  }
}
]
